{
  "cnn": {
    "accuracy": 0.86,
    "precision": 0.8657066575538627,
    "recall": 0.86,
    "f1": 0.8582594415252862,
    "params": 44426
  },
  "dnn": {
    "accuracy": 0.8615,
    "precision": 0.8621565314806281,
    "recall": 0.8615,
    "f1": 0.8585825089400023,
    "params": 932362
  },
  "best_model": "DNN"
}